"Timestamp","Institution","Location","Subject Area","PI","Review Date","URL","Last Update","Notes","Matched institution name","partial_matched","State abbreviation","Unique IPEDS identification number for an institution","City location of institution","2021 Basic Classification","2021 Undergraduate Instructional Program Classification","2021 Graduate Instructional Program Classification","2021 Undergraduate Profile Classification","2021 Enrollment Profile Classification","2021 Size and Setting Classification","2020/2015 Carnegie Community Engagement Elective Classification","Region code","Sector of institution (control and level combined)","Level of institution","Control of institution","Postsecondary and Title IV institution indicator","Degree of urbanization (Urban-centric locale)","Land-grant institution","Institution grants a medical degree (MD, DDS, DMD, DO, DVM)","Historically Black College or University","Tribal College flag","Hispanic Serving Institution (Using composite lists)","Minority Serving Institution (HSI, HBCU, or Tribal College or University only)","Women's College flag","Council on Public Liberal Arts Colleges flag","Coalition of Urban Serving Universities flag","Coalition of Urban and Metropolitan Universities flag","Associate's degree total","Bachelor's degree total","Master's degrees conferred","Doctoral degrees - research/scholarship","Doctoral degrees - professional practice","Doctoral degrees - other","Total degrees conferred","Science & Engineering Research & Development Expenditures ($Thousands)","Non Science & Engineering Research & Development Expenditures ($Thousands)","Postdoctorates and non-faculty research staff with doctorates","Number full-time of faculty in ladder rank (assistant, associate, and full professors) Fall 2020","Social Science research/scholarship doctoral degrees","Humanities research/scholarship doctoral degrees","STEM research/scholarship doctoral degrees","Number of research/scholarship doctoral degrees conferred in professional fields","Research/scholarship doctoral degrees in Arts & Science fields (humanities, social sciences, & STEM)","Research/scholarship doctoral degrees in professional/other fields","Master's, doctoral-professional practice, and doctoral-other degrees conferred in the Arts & Sciences","Master's, doctoral-professional practice, and doctoral-other degrees conferred in the Professional fields","Baccalaureate degrees conferred in the Arts & Sciences (first and second majors)","Number of baccalaureate degrees conferred in professional fields","Associate's and Certificates of less than 2 years in career and technical fields","Associate's and Certificates of less than 2 years in transfer fields","Total Fall 2019 enrollment","Annual enrollment headcount, academic year 2019-20","Total Fall 2020 enrollment","Fall 2020 Full-Time Equivalent enrollment (full-time plus one-third part-time)","Undergraduate total enrollment, fall 2020","Graduate total enrollment, fall 2020","Undergraduate degree-seeking full-time enrollment","Undergraduate degree-seeking part-time enrollment","Undergraduate non-degree full-time students","Undergraduate non-degree part-time students","Graduate full-time enrollment, fall 2020","Graduate part-time enrollment, fall 2020","Undergraduate new first-time full-time students","Undergraduate new first-time part-time students","Undergraduate new transfer-in full-time students","Undergraduate new transfer-in part-time students","Student mix ratio used for associates college basic classification subcategories","Program mix ratio used for associates college basic classification subcategories","Number of different 2-digit CIP codes in which institution confers any degree","Two-digit CIP code designation in which institution conferred the most degrees","Two-digit CIP code designation in which institution conferred the most degrees (if there is a tie)","Number of degrees awarded in largest two-digit CIP code","Percent of total degrees conferred in CIP-2 designation under which largest number of degrees conferred","Number of different 4-digit CIP code designations in which institution confers an undergraduate degree","Number of graduate degree programs, where a program is defined at the 4-digit CIP code level","CIP-4s observed at both undergrad & grad/professional as percentage of undergraduate CIP-4s","Percent of CIP4 areas in which undergraduate degrees are conferred that graduate degrees are also conferred","Institution confers research/scholarship doctoral degrees","Two-digit CIP under which institution confers the most graduate degrees is Education","Two-digit CIP under which institution confers the most graduate degrees is Business","Two-digit CIP under which institution confers the most graduate degrees is other than Business or Education","Number of different 2-digit CIP codes in which institution confers master's, doctoral-professional practice, and doctoral-other degrees","Number of different 2-digit CIP codes in which institution confers research/scholarship doctoral degrees","Total dormitory capacity (campus-owned, -operated, or -affiliated housing)","Number of first-time entering students who submitted  SAT score","Number of first-time entering students who submitted ACT score","SAT-Verbal 25th percentile score","SAT-Math 25th percentile score","Combined SAT-Math and SAT-Verbal 25th percentiles scores","ACT Composite Score, 25 percentile","The ACT equivalent score for the combined 25th percentile SAT score","Derived 25th percentile ACT score, weighting both ACT and equated SAT scores by number submitted","Number of first-time student applications (used with admits and test scores for selectivity index)","Number of first-time students admitted to the university (used with applicants and test scores for selectivity index)","Percent of applicants admitted (used with test scores for selectivity index)","Final Selectivity category (ACT and Pct Admit) (1=inclusive; 2=selective; 3=more selective)"
"7/19/23 0:29","University of Vienna","Austria","Evolutionary modelling","Himani Sachdeva","9/17/2023","https://www.vetmeduni.ac.at/sfb-polygenic-adaptation/open-positions","","","International",NA,NA,NA,NA,NA,NA,NA,NA,NA,NA,NA,NA,NA,NA,NA,NA,NA,NA,NA,NA,NA,NA,NA,NA,NA,NA,NA,NA,NA,NA,NA,NA,NA,NA,NA,NA,NA,NA,NA,NA,NA,NA,NA,NA,NA,NA,NA,NA,NA,NA,NA,NA,NA,NA,NA,NA,NA,NA,NA,NA,NA,NA,NA,NA,NA,NA,NA,NA,NA,NA,NA,NA,NA,NA,NA,NA,NA,NA,NA,NA,NA,NA,NA,NA,NA,NA,NA,NA,NA,NA,NA,NA,NA,NA,NA,NA
"7/19/23 0:28","University of Vienna","Austria","evolutionary modeling","Joachim Hermisson","9/17/2023","https://www.vetmeduni.ac.at/sfb-polygenic-adaptation/open-positions","","","International",NA,NA,NA,NA,NA,NA,NA,NA,NA,NA,NA,NA,NA,NA,NA,NA,NA,NA,NA,NA,NA,NA,NA,NA,NA,NA,NA,NA,NA,NA,NA,NA,NA,NA,NA,NA,NA,NA,NA,NA,NA,NA,NA,NA,NA,NA,NA,NA,NA,NA,NA,NA,NA,NA,NA,NA,NA,NA,NA,NA,NA,NA,NA,NA,NA,NA,NA,NA,NA,NA,NA,NA,NA,NA,NA,NA,NA,NA,NA,NA,NA,NA,NA,NA,NA,NA,NA,NA,NA,NA,NA,NA,NA,NA,NA,NA
"7/18/23 8:48","Bigelow Laboratory for Ocean Sciences","Maine","climate change and epizootic shell disease in american lobster","Dr. Maya Groner","8/15/2023","https://bigelow.freshteam.com/jobs/bqM81KSwLl4t/postdoctoral-scientist-climate-change-and-epizootic-shell-disease-in-american-lobster","","",NA,NA,NA,NA,NA,NA,NA,NA,NA,NA,NA,NA,NA,NA,NA,NA,NA,NA,NA,NA,NA,NA,NA,NA,NA,NA,NA,NA,NA,NA,NA,NA,NA,NA,NA,NA,NA,NA,NA,NA,NA,NA,NA,NA,NA,NA,NA,NA,NA,NA,NA,NA,NA,NA,NA,NA,NA,NA,NA,NA,NA,NA,NA,NA,NA,NA,NA,NA,NA,NA,NA,NA,NA,NA,NA,NA,NA,NA,NA,NA,NA,NA,NA,NA,NA,NA,NA,NA,NA,NA,NA,NA,NA,NA,NA,NA,NA
"7/18/23 7:51","University of Oregon","Oregon","population genetics","Peter Ralph + Andrew Kern","8/18/2023","https://evol.mcmaster.ca/~brian/evoldir/PostDocs/UOregon.TreeSequences","","","University of Oregon","FALSE","OR",209551,"Eugene","R1 Doctoral Universities: Very High Research Activity","Arts & sciences plus professions, high graduate coexistence","Research Doctoral: Comprehensive programs, no medical/veterinary school","Four-year, full-time, selective, lower transfer-in","High undergraduate","Four-year, large, primarily residential","Not Classified","Far West AK CA HI NV OR WA","Public, 4-year or above","Four or more years","Public",1,"City Midsize","No","No","No","No",NA,"No","No","No","No","No",0,4909,944,212,126,0,6191,88598,25661,331,769,35,39,81,57,155,57,330,740,3121,1788,0,0,22517,24381,21752,20415.333333,18045,3707,16394,1578,6,67,3347,360,3840,80,808,106,NA,NA,23,45,NA,1148,0.18543,55,102,39,0.709091,"Conferred research/scholarship doctoral degrees",0,0,1,22,17,5376,2819,1673,550,540,1090,22,21,21.37244,28525,23906,0.838072,2
"7/17/23 23:15","Leibniz Centre for Agricultural Landscape Research (ZALF)","Germany","Deep learning","Prof. Dr. Masahiro Ryo","9/1/2023","https://jobs.zalf.de/jobposting/e92747d855ea234ed7d6ede1d68822a4894bd0a20?ref=homepage","","","International",NA,NA,NA,NA,NA,NA,NA,NA,NA,NA,NA,NA,NA,NA,NA,NA,NA,NA,NA,NA,NA,NA,NA,NA,NA,NA,NA,NA,NA,NA,NA,NA,NA,NA,NA,NA,NA,NA,NA,NA,NA,NA,NA,NA,NA,NA,NA,NA,NA,NA,NA,NA,NA,NA,NA,NA,NA,NA,NA,NA,NA,NA,NA,NA,NA,NA,NA,NA,NA,NA,NA,NA,NA,NA,NA,NA,NA,NA,NA,NA,NA,NA,NA,NA,NA,NA,NA,NA,NA,NA,NA,NA,NA,NA,NA,NA
"7/17/23 10:01","Louisiana State University","Louisiana","Neuroendocrinology, Transcriptomics, Animal Behavior","Christine Lattin","10/1/2023","https://lsu.wd1.myworkdayjobs.com/LSU/job/0202-Life-Sciences-Building/Postdoctoral-Researcher_R00082671","7/17/23 10:02","The Lattin Lab at Louisiana State University (thelattinlab.com) is recruiting a postdoctoral researcher to work on NSF CAREER-funded projects using transcriptomic approaches to study neophobia behavior in house sparrows. The postdoc is also expected to develop at least one independent project building on lab expertise in physiology, neurobiology, & behavior. Ideal start date is January 2024 (although earlier may be possible). Salary is $59,000/year and includes health insurance; up to 3 years of funding is available.
If interested, please apply through the LSU Workday job site, and submit: 1) a cover letter with a brief description of research interests and experiences, 2) a current CV/resume, 3) a research product of some kind (paper, pre-print, poster, etc.), 4) two letters of recommendation. Applications should be submitted by October 1, 2023 for full consideration. Experience in neuroendocrinology, computational biology, or working with birds is helpful, but not required. We highly encourage first-generation students and students from groups historically underrepresented in STEM fields to apply.","Louisiana State University and Agricultural & Mechanical College","alias","LA",159391,"Baton Rouge","R1 Doctoral Universities: Very High Research Activity","Balanced arts & sciences/professions, high graduate coexistence","Research Doctoral: Comprehensive programs, with medical/veterinary school","Four-year, full-time, selective, lower transfer-in","High undergraduate","Four-year, large, primarily residential","Classified","Southeast AL AR FL GA KY LA MS NC SC TN VA WV","Public, 4-year or above","Four or more years","Public",1,"City Midsize","Yes","Yes","No","No",NA,"No","No","No","No","No",0,5018,1297,347,254,0,6916,277811,8922,178,1029,50,62,184,51,295,51,462,1089,2088,2930,0,0,31756,34811,34285,30555.666667,27825,6460,24025,1178,72,2550,4594,1866,6690,11,834,94,NA,NA,26,52,NA,1501,0.217033,63,116,44,0.698413,"Conferred research/scholarship doctoral degrees",0,0,1,25,20,8468,1007,5649,550,540,1090,23,21,22.697416,28960,21252,0.73384,2
"7/15/23 0:11","Washington State University","Washington","(invasive) insect distribution models","Drs Gengping Zhu and Dave Crowder","","https://labs.wsu.edu/drgengpingzhu/team/","","","Washington State University","FALSE","WA",236939,"Pullman","R1 Doctoral Universities: Very High Research Activity","Professions plus arts & sciences, high graduate coexistence","Research Doctoral: Comprehensive programs, with medical/veterinary school","Four-year, full-time, selective, higher transfer-in","High undergraduate","Four-year, large, primarily residential","Classified","Far West AK CA HI NV OR WA","Public, 4-year or above","Four or more years","Public",1,"Town Distant","Yes","Yes","No","No",NA,"No","No","No","No","Yes",0,6058,937,356,284,0,7635,294831,40370,193,838,43,17,204,92,264,92,590,631,2238,3820,0,0,31607,35394,31159,27703.666667,25470,5689,22253,2831,62,324,3661,2028,4040,151,2094,421,NA,NA,28,52,NA,1413,0.185069,78,112,44,0.564103,"Conferred research/scholarship doctoral degrees",0,0,1,24,18,7923,3484,954,510,510,1020,20,20,20,21198,16947,0.799462,2
"7/14/23 12:09","University of Vermont","Vermont","Evolutionary Biology and Molecular Genetics","Melissa Pespeni","8/1/2023","https://blog.uvm.edu/mpespeni/2023/07/14/postdoc-position-in-molecular-genetics/","7/15/23 23:49","We are particularly interested in hiring a Postdoctoral Research Associate with molecular genetics expertise (e.g., reporter assays, CRISPR-Cas9) interested in linking genotype to phenotype to environmental conditions in non-traditional model organisms.","University of Vermont","FALSE","VT",231174,"Burlington","R2 Doctoral Universities: High Research Activity","Balanced arts & sciences/professions, some graduate coexistence","Research Doctoral: STEM-dominant","Four-year, full-time, more selective, lower transfer-in","High undergraduate","Four-year, large, highly residential","Classified","New England CT ME MA NH RI VT","Public, 4-year or above","Four or more years","Public",1,"City Small","Yes","Yes","No","No",NA,"No","No","No","No","No",0,2447,474,51,181,0,3153,178828,12319,76,572,7,0,33,11,40,11,204,451,1140,1307,0,0,13548,15903,13292,12326,11136,2156,10198,387,37,514,1608,548,2465,22,291,18,NA,NA,25,51,NA,494,0.156676,70,61,32,0.457143,"Conferred research/scholarship doctoral degrees",1,0,0,18,8,5872,1959,745,590,570,1160,26,24,24.551036,18569,13244,0.713232,3
"7/13/23 14:18","New York University","New York","Terrestrial Ecosystem Science","Mingzhen Lu","Until filled","http://apply.interfolio.com/127698","7/13/23 14:22","We are recruiting for two postdoc positions. The selected individual will be expected to develop investigations under one or more broader themes of interest, consisting of: 1) Linking plant traits with global biogeochemistry; 2) Understanding vegetation regime shifts and their belowground drivers 3) Bridging ecosystem ecology with urban sciences. ","New York University","FALSE","NY",193900,"New York","R1 Doctoral Universities: Very High Research Activity","Arts & sciences plus professions, high graduate coexistence","Research Doctoral: Comprehensive programs, with medical/veterinary school","Four-year, full-time, more selective, lower transfer-in","Majority undergraduate","Four-year, large, primarily residential","Classified","Mid East DE DC MD NJ NY PA","Private not-for-profit, 4-year or above","Four or more years","Private not-for-profit",1,"City Large","No","Yes","No","No",NA,"No","No","No","No","Yes",88,7206,9570,422,1005,43,18334,858190,89103,1060,5268,72,86,183,81,341,81,4642,5976,4426,2780,74,14,52885,58361,52775,46956.333333,27444,25331,25824,1452,30,138,18193,7138,6648,53,1315,114,NA,NA,26,52,NA,3146,0.171594,74,246,59,0.797297,"Conferred research/scholarship doctoral degrees",0,0,1,25,22,12985,4277,1796,670,700,1370,31,29,29.59147,80210,16918,0.210921,3
"7/12/23 13:57","University of Tulsa","Oklahoma","Neuroscience","Any faculty member with neuroscience expertise (see link)","9/2/2023","https://universitytulsa.peopleadmin.com/postings/7719","7/12/23 13:57","The Department of Biological Science at the University of Tulsa is looking for postdocs in Integrative Biology and Neuroscience to participate in research and get training and experience in teaching. Candidates can elect a faculty advisor based on their area of expertise.","University of Tulsa","FALSE","OK",207971,"Tulsa","R2 Doctoral Universities: High Research Activity","Balanced arts & sciences/professions, some graduate coexistence","Research Doctoral: Comprehensive programs, no medical/veterinary school","Four-year, full-time, selective, lower transfer-in","High undergraduate","Four-year, medium, highly residential","Not Classified","Southwest AZ NM OK TX","Private not-for-profit, 4-year or above","Four or more years","Private not-for-profit",1,"City Large","No","No","No","No",NA,"No","No","No","No","No",0,766,246,41,116,0,1169,18487,300,20,292,2,4,30,5,36,5,121,241,318,448,0,0,4379,4546,3960,3691.333333,2929,1031,2816,89,3,21,738,293,483,8,82,7,NA,NA,23,52,NA,229,0.195894,52,45,20,0.384615,"Conferred research/scholarship doctoral degrees",0,0,1,14,7,2248,191,384,540,540,1080,23,21,22.335652,5815,4025,0.692175,2
"7/12/23 13:54","University of Tulsa","Oklahoma","Integrative Biology","Any departmental faculty member","9/2/2023","https://universitytulsa.peopleadmin.com/postings/7711","7/12/23 13:56","The Department of Biological Science at the University of Tulsa is looking for postdocs in Integrative Biology and Neuroscience to participate in research and get training and experience in teaching. Candidates can elect a faculty advisor based on their area of expertise.","University of Tulsa","FALSE","OK",207971,"Tulsa","R2 Doctoral Universities: High Research Activity","Balanced arts & sciences/professions, some graduate coexistence","Research Doctoral: Comprehensive programs, no medical/veterinary school","Four-year, full-time, selective, lower transfer-in","High undergraduate","Four-year, medium, highly residential","Not Classified","Southwest AZ NM OK TX","Private not-for-profit, 4-year or above","Four or more years","Private not-for-profit",1,"City Large","No","No","No","No",NA,"No","No","No","No","No",0,766,246,41,116,0,1169,18487,300,20,292,2,4,30,5,36,5,121,241,318,448,0,0,4379,4546,3960,3691.333333,2929,1031,2816,89,3,21,738,293,483,8,82,7,NA,NA,23,52,NA,229,0.195894,52,45,20,0.384615,"Conferred research/scholarship doctoral degrees",0,0,1,14,7,2248,191,384,540,540,1080,23,21,22.335652,5815,4025,0.692175,2
"7/6/23 19:01","Duke University","North Carolina","Evolutionary Biology","Sara Lipshutz","8/31/2023","https://academicjobsonline.org/ajo/jobs/25067","7/6/23 19:04","We have found a spectral difference in back plumage in the two lineages that hybridize in western Panama, Jacana spinosa (brown back) and Jacana jacana hypomelaena (black back) (see attached plots). In the rest of South America, Jacana jacana subspecies have brown plumage. We recently found a mutation in the ASIP gene, which correlates with this plumage difference. Our next steps are to build a phylogeny of the Jacana genus, potentially using whole genomes, to trace the evolutionary history of diversification in this group, relative to hybridization and this plumage mutation. We also plan to run additional PCRs on ASIP and MC1R across the genus.","Duke University","FALSE","NC",198419,"Durham","R1 Doctoral Universities: Very High Research Activity","Arts & sciences plus professions, high graduate coexistence","Research Doctoral: Comprehensive programs, with medical/veterinary school","Four-year, full-time, more selective, lower transfer-in","Majority graduate","Four-year, large, highly residential","Classified","Southeast AL AR FL GA KY LA MS NC SC TN VA WV","Private not-for-profit, 4-year or above","Four or more years","Private not-for-profit",1,"City Large","No","Yes","No","No",NA,"No","No","No","No","No",0,2405,3343,568,370,0,6686,1180209,16429,1211,3573,54,34,229,251,317,251,1238,2475,1609,796,0,0,16768,17855,16172,15625.333333,6717,9455,6542,108,30,37,8780,675,1580,0,35,0,NA,NA,24,52,NA,1291,0.19309,49,130,33,0.673469,"Conferred research/scholarship doctoral degrees",0,0,1,24,18,5773,954,956,720,750,1470,34,32,33.001047,39639,3068,0.077399,3
"7/5/23 23:26","Institut de Recherche pour le DÃ©veloppement / University of Haifa","France","Evolutionary biology, crop domestication, paleogenomics","Muriel Gros-Balthazard, Meirav Meiri, Guy Bar-Oz","7/31/2023","mailto:muriel.gros-balthazard@ird.fr","7/5/23 23:26","The date palm (Phoenix dactylifera L.) holds a crucial position as the cornerstone species within the oasis agrosystems of northern Africa and western Asia. Despite its significance, the origins of date palm diversity remain shrouded in mystery. Notably, distinct genepools have been recognized in West Asia and North Africa. Positioned at the crossroads of these genepools and civilizations for countless millennia, the Levant emerges as a pivotal region. However, the precise origins of date palm cultivation in the region and the sources of these genepools continue to elude us.
In this compelling research endeavor, our objective is to characterize the date palm populations in the southern Levant, and unravel their cultivation origin. Through the comprehensive analysis of numerous modern and ancient genomes across the region, as well as seed morphometric data from both modern and archaeological seeds, we aim to study the intricate interplay of biological, ecological, historical, and human factors that have shaped the diverse landscape of date palms in the southern Levantine region. This multidisciplinary approach will provide invaluable insights into the demographic and selective processes that have influenced the diversity of date palms, facilitating the development of effective conservation and improvement programs.","International",NA,NA,NA,NA,NA,NA,NA,NA,NA,NA,NA,NA,NA,NA,NA,NA,NA,NA,NA,NA,NA,NA,NA,NA,NA,NA,NA,NA,NA,NA,NA,NA,NA,NA,NA,NA,NA,NA,NA,NA,NA,NA,NA,NA,NA,NA,NA,NA,NA,NA,NA,NA,NA,NA,NA,NA,NA,NA,NA,NA,NA,NA,NA,NA,NA,NA,NA,NA,NA,NA,NA,NA,NA,NA,NA,NA,NA,NA,NA,NA,NA,NA,NA,NA,NA,NA,NA,NA,NA,NA,NA,NA,NA,NA,NA,NA
"7/4/23 11:05","Finnish Natural Resources Institute (LUKE)","Finland","Forest Health & Biodiversity","","8/4/2023","https://haku.valtiolle.fi/spa/public/apply?guidAssignment=812a2222-7c4a-41b3-ac0e-dec429816448&description=True","7/4/23 11:05","3 year fixed term position.","International",NA,NA,NA,NA,NA,NA,NA,NA,NA,NA,NA,NA,NA,NA,NA,NA,NA,NA,NA,NA,NA,NA,NA,NA,NA,NA,NA,NA,NA,NA,NA,NA,NA,NA,NA,NA,NA,NA,NA,NA,NA,NA,NA,NA,NA,NA,NA,NA,NA,NA,NA,NA,NA,NA,NA,NA,NA,NA,NA,NA,NA,NA,NA,NA,NA,NA,NA,NA,NA,NA,NA,NA,NA,NA,NA,NA,NA,NA,NA,NA,NA,NA,NA,NA,NA,NA,NA,NA,NA,NA,NA,NA,NA,NA,NA,NA
"6/30/23 16:38","Hubbs-SeaWorld Research Institute","California","Marine Biology/Bioacoustics","Dr. Ann Bowles","7/30/2023","https://hswri.org/wp-content/uploads/2023/06/ABS-Postdoc-PA-2023.pdf","6/30/23 16:46","The primary focus of the position will be to develop state-of-the art hardware and software to collect and process data on animal behavior, sound production, and acoustic environments. The position will include work on animals in both managed care and under free-ranging conditions, with a focus on marine mammals, birds and fishes. Although possible research approaches will be suggested at the start of the postdoctoral position, the associate will be expected to contribute substantially to the design and conduct of the work. This position will be funded for 2 years (upon favorable annual reviews), with potential for advancement to Research Scientist 2 depending on successful completion of project goals, contributions to publications, and grant and fundraising activities during the term of the position.",NA,NA,NA,NA,NA,NA,NA,NA,NA,NA,NA,NA,NA,NA,NA,NA,NA,NA,NA,NA,NA,NA,NA,NA,NA,NA,NA,NA,NA,NA,NA,NA,NA,NA,NA,NA,NA,NA,NA,NA,NA,NA,NA,NA,NA,NA,NA,NA,NA,NA,NA,NA,NA,NA,NA,NA,NA,NA,NA,NA,NA,NA,NA,NA,NA,NA,NA,NA,NA,NA,NA,NA,NA,NA,NA,NA,NA,NA,NA,NA,NA,NA,NA,NA,NA,NA,NA,NA,NA,NA,NA,NA,NA,NA,NA,NA,NA
"6/30/23 13:03","New York University (NYU)","New York","Plant Developmental Biology","Joyce G. Onyenedum (formally ""Joyce G. Chery"")","7/17/2023","https://apply.interfolio.com/126348","6/30/23 14:21","We are seeking to hire an enthusiastic new member of the Onyenedum Lab to elucidate the developmental underpinnings of the twinning motion of vines. Priority will be given to candidates with a strong background in plant anatomy, and experience in plant developmental biology, cell wall biology, and molecular biology. The postdoc will work closely with the PI and one junior lab associate (recent undergraduate) as a team to generate, and interpret the data. This work is supported through an NSF CAREER award. The salary is $62-63,000 and is based in person in Manhattan, New York, USA.","New York University","alias","NY",193900,"New York","R1 Doctoral Universities: Very High Research Activity","Arts & sciences plus professions, high graduate coexistence","Research Doctoral: Comprehensive programs, with medical/veterinary school","Four-year, full-time, more selective, lower transfer-in","Majority undergraduate","Four-year, large, primarily residential","Classified","Mid East DE DC MD NJ NY PA","Private not-for-profit, 4-year or above","Four or more years","Private not-for-profit",1,"City Large","No","Yes","No","No",NA,"No","No","No","No","Yes",88,7206,9570,422,1005,43,18334,858190,89103,1060,5268,72,86,183,81,341,81,4642,5976,4426,2780,74,14,52885,58361,52775,46956.333333,27444,25331,25824,1452,30,138,18193,7138,6648,53,1315,114,NA,NA,26,52,NA,3146,0.171594,74,246,59,0.797297,"Conferred research/scholarship doctoral degrees",0,0,1,25,22,12985,4277,1796,670,700,1370,31,29,29.59147,80210,16918,0.210921,3
"6/30/23 9:57","University of Maine","Maine","Forest Ecology","Sydne Record","8/1/2023","https://sites.google.com/maine.edu/record-lab/opportunities","","","University of Maine","FALSE","ME",161253,"Orono","R1 Doctoral Universities: Very High Research Activity","Professions plus arts & sciences, high graduate coexistence","Research Doctoral: Comprehensive programs, no medical/veterinary school","Four-year, full-time, inclusive, lower transfer-in","High undergraduate","Four-year, medium, primarily residential","Classified","New England CT ME MA NH RI VT","Public, 4-year or above","Four or more years","Public",1,"Suburb Small","Yes","No","No","No",NA,"No","No","No","No","No",0,1910,437,62,0,0,2409,124999,9184,136,437,3,9,45,5,57,5,167,270,650,1260,0,0,11561,13426,11741,9685.666667,9465,2276,7836,1034,11,584,811,1465,2014,45,362,112,NA,NA,25,52,NA,375,0.155666,63,76,36,0.571429,"Conferred research/scholarship doctoral degrees",0,0,1,19,13,3117,0,0,0,0,0,0,0,0,14785,13633,0.922083,1
"6/28/23 11:16","McGill","Canada","ecology, evolution or environmental science ","Dr. Laura Pollock","7/31/2023","https://www.ciee-icee.ca/ldp-postdoc-positions.html","6/28/23 11:18","Priority will be given to candidates who have proficiencies in at least some of the following skills: data archiving, R programming, version control (e.g. GitHub), reproducible research, database construction, collation of large databases from multiple sources, citizen science, advanced statistics, and collaboration in working groups. Prior teaching experience is an asset. We particularly encourage candidates with experience in hierarchical modelling and meta-analysis.","International",NA,NA,NA,NA,NA,NA,NA,NA,NA,NA,NA,NA,NA,NA,NA,NA,NA,NA,NA,NA,NA,NA,NA,NA,NA,NA,NA,NA,NA,NA,NA,NA,NA,NA,NA,NA,NA,NA,NA,NA,NA,NA,NA,NA,NA,NA,NA,NA,NA,NA,NA,NA,NA,NA,NA,NA,NA,NA,NA,NA,NA,NA,NA,NA,NA,NA,NA,NA,NA,NA,NA,NA,NA,NA,NA,NA,NA,NA,NA,NA,NA,NA,NA,NA,NA,NA,NA,NA,NA,NA,NA,NA,NA,NA,NA,NA
"6/27/23 10:07","US Environmental Protection Agency","Oregon","Wetland restoration/nutrient reduction","Ryan Hill","8/4/2023","https://www.zintellect.com/Opportunity/Details/EPA-ORD-CPHEA-PESD-2023-02","7/19/23 4:56","Postdoc for 3-4 year project working on large-scale geospatial analysis of wetland restoration, placement of wetlands relative to landscape nutrient inputs, and optimization of wetland placement to intercept nutrients. This important work will improve how land managers consider wetland restoration and nutrient reduction efforts to improve water quality nationally. Postdoc is located in Corvallis, OR next to Oregon State University campus. Unfortunately, the ORISE program is only accepting US citizens at this time. We are reviewing applicants on a rolling basis so the position may close before the listed date.",NA,NA,NA,NA,NA,NA,NA,NA,NA,NA,NA,NA,NA,NA,NA,NA,NA,NA,NA,NA,NA,NA,NA,NA,NA,NA,NA,NA,NA,NA,NA,NA,NA,NA,NA,NA,NA,NA,NA,NA,NA,NA,NA,NA,NA,NA,NA,NA,NA,NA,NA,NA,NA,NA,NA,NA,NA,NA,NA,NA,NA,NA,NA,NA,NA,NA,NA,NA,NA,NA,NA,NA,NA,NA,NA,NA,NA,NA,NA,NA,NA,NA,NA,NA,NA,NA,NA,NA,NA,NA,NA,NA,NA,NA,NA,NA,NA
"6/27/23 9:15","University of Texas at Austin","Texas","Forest dynamics and theoretical ecology","Caroline Farrior","8/1/2023","https://sites.cns.utexas.edu/cfarrior/forest-dynamics-plant-strategies-and-inclusive-theoretical-ecology-postdoc-position","","","The University of Texas at Austin","TRUE","TX",228778,"Austin","R1 Doctoral Universities: Very High Research Activity","Balanced arts & sciences/professions, high graduate coexistence","Research Doctoral: Comprehensive programs, with medical/veterinary school","Four-year, full-time, more selective, lower transfer-in","High undergraduate","Four-year, large, primarily nonresidential","Classified","Southwest AZ NM OK TX","Public, 4-year or above","Four or more years","Public",1,"City Large","No","Yes","No","No",NA,"No","No","No","No","No",0,10815,2996,806,504,0,15121,726915,70284,903,1872,76,138,435,157,649,157,1131,2369,5768,5047,0,0,51090,54243,50476,48357.333333,40048,10428,37272,2352,132,292,9894,534,8318,141,1638,71,NA,NA,26,52,NA,2338,0.154619,74,174,56,0.756757,"Conferred research/scholarship doctoral degrees",0,0,1,25,22,7784,6701,4005,610,600,1210,26,25,25.374089,57241,18290,0.319526,3
"6/23/23 10:09","The University of Texas at Austin","Texas","Ecology / sensing of biodiversity, micro-climate, and ecosystem processes","Timothy Keitt | RISE Team","asap","https://sites.cns.utexas.edu/keittlab/news/seeking-postdoctoral-scholar","6/23/23 10:10","A primary goal of RISE is to assemble data needed to better understand how natural communities in and around Texas are responding to human-induced changes in the environment and what effects these changes have on the ecological services they provide. To this end, we utilize available environmental and biodiversity datasets, especially citizen science data, such as eBird. The team is also actively developing technology for in-situ sensing of biodiversity, micro-climate, and ecosystem processes.","The University of Texas at Austin","FALSE","TX",228778,"Austin","R1 Doctoral Universities: Very High Research Activity","Balanced arts & sciences/professions, high graduate coexistence","Research Doctoral: Comprehensive programs, with medical/veterinary school","Four-year, full-time, more selective, lower transfer-in","High undergraduate","Four-year, large, primarily nonresidential","Classified","Southwest AZ NM OK TX","Public, 4-year or above","Four or more years","Public",1,"City Large","No","Yes","No","No",NA,"No","No","No","No","No",0,10815,2996,806,504,0,15121,726915,70284,903,1872,76,138,435,157,649,157,1131,2369,5768,5047,0,0,51090,54243,50476,48357.333333,40048,10428,37272,2352,132,292,9894,534,8318,141,1638,71,NA,NA,26,52,NA,2338,0.154619,74,174,56,0.756757,"Conferred research/scholarship doctoral degrees",0,0,1,25,22,7784,6701,4005,610,600,1210,26,25,25.374089,57241,18290,0.319526,3
"6/23/23 8:33","USFS Rocky Mountain Research Station","Montana","Wildlife ecology","Dr. Jody Tucker","7/21/2023","https://www.zintellect.com/Opportunity/Details/USDA-USFS-2023-0288","6/23/23 8:36","$68,000-71,000 annual stipend (~$5600-5900/month). The participant will also receive a health insurance stipend supplement to help offset the cost of health insurance and is eligible for reimbursement of up to $1000 in relocation expenses. Start date is September 2023 (flexible within September).  This position will be in person in Missoula, MT.  However, a period of remote work at the beginning of the appointment may be considered if needed to facilitate the September start date. Applications will be reviewed and the position filled on a rolling basis so we encourage you to submit your application as soon as possible, however latest date applications can be submitted is July 21, 2023 by 3 pm EST.",NA,NA,NA,NA,NA,NA,NA,NA,NA,NA,NA,NA,NA,NA,NA,NA,NA,NA,NA,NA,NA,NA,NA,NA,NA,NA,NA,NA,NA,NA,NA,NA,NA,NA,NA,NA,NA,NA,NA,NA,NA,NA,NA,NA,NA,NA,NA,NA,NA,NA,NA,NA,NA,NA,NA,NA,NA,NA,NA,NA,NA,NA,NA,NA,NA,NA,NA,NA,NA,NA,NA,NA,NA,NA,NA,NA,NA,NA,NA,NA,NA,NA,NA,NA,NA,NA,NA,NA,NA,NA,NA,NA,NA,NA,NA,NA,NA
"6/22/23 22:35","University of Colorado Boulder: Department of Ecology & Evolutionary Biology","Colorado","climate-adapted wildfire management; modelling; landscape & fire ecology","Dr. Laura Dee and Dr. Katherine Siegel","7/20/2023","https://jobs.colorado.edu/jobs/JobDetail/?jobId=49431","","","University of Colorado Boulder","alias","CO",126614,"Boulder","R1 Doctoral Universities: Very High Research Activity","Balanced arts & sciences/professions, high graduate coexistence","Research Doctoral: Comprehensive programs, no medical/veterinary school","Four-year, full-time, more selective, lower transfer-in","High undergraduate","Four-year, large, primarily residential","Not Classified","Rocky Mountains CO ID MT UT WY","Public, 4-year or above","Four or more years","Public",1,"City Midsize","No","No","No","No",NA,"No","No","No","No","No",0,7318,1713,405,186,0,9622,496549,29125,1050,1242,47,82,264,12,393,12,1084,815,4259,3059,0,0,37883,41826,37437,32825,30307,7130,27639,2140,64,464,2816,4314,6230,90,1252,183,NA,NA,24,14,NA,1652,0.17169,63,122,49,0.777778,"Conferred research/scholarship doctoral degrees",0,0,1,20,18,7550,4639,2824,570,560,1130,25,23,23.7568,44203,37221,0.842047,3
"6/22/23 10:28","USDA-ARS Jornada Experimental Range","New Mexico","Nutrient Circulation for rangeland management","Sheri Spiegal","","https://jornada.nmsu.edu/jobs","","",NA,NA,NA,NA,NA,NA,NA,NA,NA,NA,NA,NA,NA,NA,NA,NA,NA,NA,NA,NA,NA,NA,NA,NA,NA,NA,NA,NA,NA,NA,NA,NA,NA,NA,NA,NA,NA,NA,NA,NA,NA,NA,NA,NA,NA,NA,NA,NA,NA,NA,NA,NA,NA,NA,NA,NA,NA,NA,NA,NA,NA,NA,NA,NA,NA,NA,NA,NA,NA,NA,NA,NA,NA,NA,NA,NA,NA,NA,NA,NA,NA,NA,NA,NA,NA,NA,NA,NA,NA,NA,NA,NA,NA,NA,NA,NA,NA
"6/22/23 8:22","University of Konstanz / Max Planck Institute of Animal Behavior","Germany","Collective behavior; animal communication; complex systems; quantitative behavior; movement ecology","Ariana Strandburg-Peshkin","8/15/2023","https://stellen.uni-konstanz.de/jobposting/2a4aa9c3af65236876e4644f0b74101de4b3b99c0","6/22/23 8:23","We are seeking a post doc with a quantitative background and enthusiasm for tackling biological questions to join our interdisciplinary and international team studying communication and collective behavior in animal groups. The researcher will be based in the Communication and Collective Movement Research Group (CoCoMo) at the University of Konstanz and Max Planck Institute of Animal Behavior, located in Konstanz, Germany. The researcher will join the Communication and Coordination Across Scales Project (CCAS), an interdisciplinary collaborative project that integrates behavioral field biology with computational approaches to understand how animals use vocal signaling to coordinate collective behaviors.","International",NA,NA,NA,NA,NA,NA,NA,NA,NA,NA,NA,NA,NA,NA,NA,NA,NA,NA,NA,NA,NA,NA,NA,NA,NA,NA,NA,NA,NA,NA,NA,NA,NA,NA,NA,NA,NA,NA,NA,NA,NA,NA,NA,NA,NA,NA,NA,NA,NA,NA,NA,NA,NA,NA,NA,NA,NA,NA,NA,NA,NA,NA,NA,NA,NA,NA,NA,NA,NA,NA,NA,NA,NA,NA,NA,NA,NA,NA,NA,NA,NA,NA,NA,NA,NA,NA,NA,NA,NA,NA,NA,NA,NA,NA,NA,NA
"6/21/23 9:24","Case Western Reserve University","Ohio","Microbiology, ecology, evolution","Gina Lewin","","https://www.thelewinlab.com/postdoc","6/21/23 9:25","We have funding for a postdoc to study how genomic and transcriptomic heterogeneity interplays with microbial interactions and disease. Postdocs are also encouraged to apply for independent funding to pursue this project and projects of their own design.","Case Western Reserve University","FALSE","OH",201645,"Cleveland","R1 Doctoral Universities: Very High Research Activity","Balanced arts & sciences/professions, high graduate coexistence","Research Doctoral: Comprehensive programs, with medical/veterinary school","Four-year, full-time, more selective, lower transfer-in","Majority graduate","Four-year, large, highly residential","Not Classified","Great Lakes IL IN MI OH WI","Private not-for-profit, 4-year or above","Four or more years","Private not-for-profit",1,"City Large","No","Yes","No","No",NA,"No","No","No","No","No",0,1415,1779,220,470,0,3884,437725,2053,520,992,13,7,148,52,168,52,558,1691,794,621,0,0,11874,12298,11465,10792.333333,5430,6035,5285,75,1,69,5170,865,1304,1,62,1,NA,NA,23,51,NA,795,0.204686,61,122,41,0.672131,"Conferred research/scholarship doctoral degrees",0,0,1,19,14,4400,898,642,640,700,1340,31,28,29.250649,29084,8804,0.302709,3
"6/20/23 16:10","Utah State University","Utah","host-symbiont interactions in vertebrates, parasite ecology, microbiomes","Sara Weinstein","8/31/2023","https://careers-usu.icims.com/jobs/6546/postdoctoral-fellow/job","6/22/23 13:55","","Utah State University","FALSE","UT",230728,"Logan","R1 Doctoral Universities: Very High Research Activity","Balanced arts & sciences/professions, high graduate coexistence","Research Doctoral: Comprehensive programs, with medical/veterinary school","Four-year, full-time, selective, higher transfer-in","Very high undergraduate","Four-year, large, primarily nonresidential","Classified","Rocky Mountains CO ID MT UT WY","Public, 4-year or above","Four or more years","Public",1,"City Small","Yes","Yes","No","No",NA,"No","No","No","No","No",1209,4411,837,96,7,0,6560,300894,3362,178,874,14,2,46,34,62,34,331,513,1840,2571,238,1045,27810,33055,27691,21369,24647,3044,17002,4085,115,3445,1091,1953,4192,355,984,326,NA,NA,33,24,NA,1085,0.165396,80,92,44,0.55,"Conferred research/scholarship doctoral degrees",1,0,0,19,13,3095,785,4065,550,530,1080,21,21,21,15949,14520,0.910402,2
"6/14/23 7:14","USDA Agricultural Research Service Northern Great Plains Research Laboratory","Alaska","Machine Learning/High Performance Computing/Food Security and Native Communities","Claire Friedrichsen","12/31/2023","https://www.zintellect.com/Opportunity/Details/USDA-ARS-SCINet-2023-0228","6/14/23 7:20","Monthly stipend: $7,911.97 The SCINet/Big Data Research Participation Program of the USDA ARS offers research opportunities to motivated postdoctoral fellows interested in solving agriculture-related problems at a range of spatial and temporal scales, from the genome to the continent, and sub-daily to evolutionary time scales. One of the goals of the SCINet Initiative is to develop and apply new technologies, including AI and machine learning, to help solve complex agricultural problems that also depend on collaboration across scientific disciplines and geographic locations. In addition, many of these technologies rely on the synthesis, integration, and analysis of large, diverse datasets that benefit from high performance computing (HPC) clusters. The objective of this fellowship is to facilitate cross-disciplinary, cross-location research through collaborative research on problems of interest to each applicant and amenable to or requiring the HPC environment. Training will be provided in data science, scientific computing, AI/machine learning, and related topics as needed for the fellow to complete their research.",NA,NA,NA,NA,NA,NA,NA,NA,NA,NA,NA,NA,NA,NA,NA,NA,NA,NA,NA,NA,NA,NA,NA,NA,NA,NA,NA,NA,NA,NA,NA,NA,NA,NA,NA,NA,NA,NA,NA,NA,NA,NA,NA,NA,NA,NA,NA,NA,NA,NA,NA,NA,NA,NA,NA,NA,NA,NA,NA,NA,NA,NA,NA,NA,NA,NA,NA,NA,NA,NA,NA,NA,NA,NA,NA,NA,NA,NA,NA,NA,NA,NA,NA,NA,NA,NA,NA,NA,NA,NA,NA,NA,NA,NA,NA,NA,NA
"6/13/23 9:56","University of Alberta","Canada","Animal Cognition","Lauren Guillette","7/15/2023","https://www.careers.ualberta.ca/Competition/A100151278/","6/14/23 7:19","2 yr position in Animal Cognition Research Group, International applicants welcome, must be within 5 years of PhD (extensions for e.g. parental leave). https://www.careers.ualberta.ca/Competition/A100151278/""","International",NA,NA,NA,NA,NA,NA,NA,NA,NA,NA,NA,NA,NA,NA,NA,NA,NA,NA,NA,NA,NA,NA,NA,NA,NA,NA,NA,NA,NA,NA,NA,NA,NA,NA,NA,NA,NA,NA,NA,NA,NA,NA,NA,NA,NA,NA,NA,NA,NA,NA,NA,NA,NA,NA,NA,NA,NA,NA,NA,NA,NA,NA,NA,NA,NA,NA,NA,NA,NA,NA,NA,NA,NA,NA,NA,NA,NA,NA,NA,NA,NA,NA,NA,NA,NA,NA,NA,NA,NA,NA,NA,NA,NA,NA,NA,NA
"6/12/23 8:10","University of Texas at Arlington","Texas","Urban Ecology and Evolution, Museum Science,  Environmental Justice","Shane DuBay","7/20/2023","https://static1.squarespace.com/static/5a0b92566f4ca37f64599587/t/648736ea39a91321863adf05/1686583018239/postdoc+ad.pdf","6/12/23 8:38","This position is funded for three years to work on projects that use natural history specimens to understand environmental change and its impacts.","The University of Texas at Arlington","TRUE","TX",228769,"Arlington","R1 Doctoral Universities: Very High Research Activity","Professions plus arts & sciences, high graduate coexistence","Research Doctoral: Comprehensive programs, no medical/veterinary school","Four-year, higher part-time","High undergraduate","Four-year, large, primarily residential","Not Classified","Southwest AZ NM OK TX","Public, 4-year or above","Four or more years","Public",1,"City Large","No","No","No","No","Yes","Yes","No","No","Yes","No",0,8553,4882,205,60,0,13700,107017,26776,117,634,3,8,150,44,161,44,1224,3718,2280,6273,0,0,48635,61457,48072,31796.666667,35064,13008,19756,14970,14,324,3889,9119,3707,193,2197,3004,NA,NA,24,51,NA,5276,0.385109,54,83,34,0.62963,"Conferred research/scholarship doctoral degrees",0,0,1,22,15,9940,3048,967,520,530,1050,21,20,20.240847,14620,12829,0.877497,0
"5/29/23 3:46","Arctic University of Norway","Norway","Integrated systems research for coastal ecology and sustainability","Vera Hausner","8/1/2023","https://www.jobbnorge.no/en/available-jobs/job/245737/postdoctoral-research-fellow-in-ecology-and-sustainability","","","International",NA,NA,NA,NA,NA,NA,NA,NA,NA,NA,NA,NA,NA,NA,NA,NA,NA,NA,NA,NA,NA,NA,NA,NA,NA,NA,NA,NA,NA,NA,NA,NA,NA,NA,NA,NA,NA,NA,NA,NA,NA,NA,NA,NA,NA,NA,NA,NA,NA,NA,NA,NA,NA,NA,NA,NA,NA,NA,NA,NA,NA,NA,NA,NA,NA,NA,NA,NA,NA,NA,NA,NA,NA,NA,NA,NA,NA,NA,NA,NA,NA,NA,NA,NA,NA,NA,NA,NA,NA,NA,NA,NA,NA,NA,NA,NA
"5/26/23 18:03","Oregon State University / NOAA","Oregon","Marine Ecology, Salmon, Modeling","Joshua Stewart","7/15/2023","https://www.oceanecologylab.org/news/salmon-marine-survival-modeling-post-doc","","","Oregon State University","alias","OR",209542,"Corvallis","R1 Doctoral Universities: Very High Research Activity","Professions plus arts & sciences, high graduate coexistence","Research Doctoral: Comprehensive programs, with medical/veterinary school","Four-year, medium full-time , selective, higher transfer-in","High undergraduate","Four-year, large, primarily nonresidential","Classified","Far West AK CA HI NV OR WA","Public, 4-year or above","Four or more years","Public",1,"City Small","Yes","Yes","No","No",NA,"No","No","No","No","No",0,6100,1037,272,138,0,7547,262426,5959,324,915,12,3,192,65,207,65,664,511,2337,3763,0,0,31719,37586,32312,25139.333333,26644,5668,17925,8123,159,437,3469,2199,3125,449,1742,877,NA,NA,25,14,NA,1355,0.179542,75,139,41,0.546667,"Conferred research/scholarship doctoral degrees",0,0,1,21,16,5055,2327,1344,540,540,1080,21,21,21,17374,14284,0.822148,2
"5/25/23 9:41","Museum of Comparative Zoology, Harvard","Massachusetts","biodiversity, taxonomy, zoology, botany, paleontology","any MCZ Faculty-Curator","9/30/2023","https://mcz.harvard.edu/biodiversity-postdoctoral-fellowship-program","","","Harvard University","alias","MA",166027,"Cambridge","R1 Doctoral Universities: Very High Research Activity","Arts & sciences focus, high graduate coexistence","Research Doctoral: Comprehensive programs, with medical/veterinary school","Four-year, full-time, more selective, lower transfer-in","Majority graduate","Four-year, large, highly residential","Not Classified","New England CT ME MA NH RI VT","Private not-for-profit, 4-year or above","Four or more years","Private not-for-profit",1,"City Midsize","No","Yes","No","No",NA,"No","No","No","No","No",2,1943,4949,681,783,0,8358,1116344,123639,7147,1627,85,100,350,146,535,146,1468,4264,1836,107,0,2,31655,41024,30391,22817,8527,21864,5503,596,196,2232,13331,8533,1404,0,13,0,NA,NA,26,52,NA,1446,0.173008,37,174,32,0.864865,"Conferred research/scholarship doctoral degrees",0,0,1,24,22,13694,1007,634,720,740,1460,33,32,32.38635,40248,2015,0.050065,3
"5/22/23 4:04","University of Florida","Florida","Biomechanics; Functional Morphology; Evolutionary Biology","Dr. Christine W. Miller","7/24/2023","http://www.millerlab.net/opportunities.html","5/22/23 4:10","This position is listed as Postdoctoral Associate #2 online. The Miller Lab at the University of Florida welcomes applications for an NSF-funded postdoctoral researcher to take a functional and biomechanical approach to understanding the influence of nutrition on the structure and composition of sexually selected weapons in insects and consequences for behavior. This work is interdisciplinary and will involve collaborations with researchers at Imperial College London (David Labonte) and the University of Cambridge (Walter Federle). The postdoctoral associate will work within this international research team and have opportunities to develop complementary projects within the context of the funded research. Applicants with expertise in biomechanics and functional morphology will be especially competitive.","University of Florida","FALSE","FL",134130,"Gainesville","R1 Doctoral Universities: Very High Research Activity","Balanced arts & sciences/professions, high graduate coexistence","Research Doctoral: Comprehensive programs, with medical/veterinary school","Four-year, full-time, more selective, higher transfer-in","Majority undergraduate","Four-year, large, primarily residential","Not Classified","Southeast AL AR FL GA KY LA MS NC SC TN VA WV","Public, 4-year or above","Four or more years","Public",1,"City Midsize","Yes","Yes","No","No",NA,"No","No","No","No","No",152,9923,3881,679,1180,0,15815,889677,52546,677,2358,56,40,434,149,530,149,1657,3404,4669,5254,0,160,52407,58857,53372,47038,34931,18441,31219,3018,257,437,12395,6046,6301,32,1555,194,NA,NA,27,52,NA,2123,0.13424,84,208,67,0.797619,"Conferred research/scholarship doctoral degrees",0,0,1,26,21,10161,5133,3172,650,640,1290,29,27,27.763877,48193,15002,0.31129,3
"5/19/23 6:34","Harvard University","Massachusetts","experimental science","","8/18/2023","Fellowships","5/19/23 6:36","The Rowland Institute at Harvard is seeking applications for Rowland Fellowships commencing in the 2024 calendar year. We aim to support the most promising, early-career experimentalists in their independent pursuit of groundbreaking research. The term of the Fellowship is for up to five years with a stipend beginning at $90,000 per year. To qualify, applicants should currently be in the process of either completing their PhDs and/or have received their PhD after August 1, 2022. The Rowland Fellows program is open to scientists from a broad range of fields including chemistry, biology, and neuroscience. Research conducted by current and past Fellows can be used as a guide, but should not be considered restrictive! We choose Fellows based on the best proposed science at the time of submission.","Harvard University","FALSE","MA",166027,"Cambridge","R1 Doctoral Universities: Very High Research Activity","Arts & sciences focus, high graduate coexistence","Research Doctoral: Comprehensive programs, with medical/veterinary school","Four-year, full-time, more selective, lower transfer-in","Majority graduate","Four-year, large, highly residential","Not Classified","New England CT ME MA NH RI VT","Private not-for-profit, 4-year or above","Four or more years","Private not-for-profit",1,"City Midsize","No","Yes","No","No",NA,"No","No","No","No","No",2,1943,4949,681,783,0,8358,1116344,123639,7147,1627,85,100,350,146,535,146,1468,4264,1836,107,0,2,31655,41024,30391,22817,8527,21864,5503,596,196,2232,13331,8533,1404,0,13,0,NA,NA,26,52,NA,1446,0.173008,37,174,32,0.864865,"Conferred research/scholarship doctoral degrees",0,0,1,24,22,13694,1007,634,720,740,1460,33,32,32.38635,40248,2015,0.050065,3
"5/4/23 14:05","US EPA","Oregon","Environmental Science","Ryan Hill","8/4/2023","https://www.zintellect.com/Opportunity/Details/EPA-ORD-CPHEA-PESD-2023-02","5/5/23 13:33","We are recruiting a postdoc to work on a project to help prioritize wetland restoration when nutrient interception is the objective. Please share this advertisement widely with anyone that may be interested. Close date is 8/4/2023, but applications will be evaluated on a rolling basis and the position may be filled before the close date. The position is located in Corvallis, Oregon within the EPA Office of Research and Development's Pacific Ecological Systems Division.

This research opportunity with EPA will leverage recently developed geospatial methods and datasets (Leibowitz et al. 2023; https://www.nature.com/articles/s44221-023-00057-w) to hydrologically link several million existing and potentially-restorable wetlands to upslope nutrient sources and downstream waters. Specifically, this research will bring together EPA and other federal geospatial datasets of existing wetlands, potentially-restorable wetlands (https://rb.gy/bd0), stream and/or lake network hydrology (StreamCat and/or LakeCat), and landscape nutrient inventories into a connected framework that will allow for optimization of wetland restoration scenarios within several million watersheds of the conterminous US. The mentor for this opportunity will be Dr. Ryan Hill.",NA,NA,NA,NA,NA,NA,NA,NA,NA,NA,NA,NA,NA,NA,NA,NA,NA,NA,NA,NA,NA,NA,NA,NA,NA,NA,NA,NA,NA,NA,NA,NA,NA,NA,NA,NA,NA,NA,NA,NA,NA,NA,NA,NA,NA,NA,NA,NA,NA,NA,NA,NA,NA,NA,NA,NA,NA,NA,NA,NA,NA,NA,NA,NA,NA,NA,NA,NA,NA,NA,NA,NA,NA,NA,NA,NA,NA,NA,NA,NA,NA,NA,NA,NA,NA,NA,NA,NA,NA,NA,NA,NA,NA,NA,NA,NA,NA
"5/4/23 12:32","EPA/ORD","Minnesota","Environmental Science","Joel Hoffman, Katie Williams, Samantha Rumschlag","11/1/2023","https://twitter.com/rumschsl/status/1654197993648668672?s=20","5/4/23 12:33","The Great Lakes Ecology and Toxicology Division of the U.S. Environmental Protection Agency (EPA) in Duluth, MN will soon be advertising two related Post-Doctoral Research positions focused on changes to human well-being following environmental restoration in the Great Lakes Areas of Concern (AOC). 
The first position will focus on mapping and measuring changes to ecosystem services and associated benefits from Great Lakes coastal ecosystem restoration efforts. This research will include measuring how benefits change due to climate change, particularly future change in lake levels. The goal of this project is to forecast how changes in ecosystem services could influence human communities within neighborhoods and urban areas. Ideal candidates could have experience in one or more of the following fields: ecology, biology, environmental science, epidemiology, public health, geography, environmental economics, or a related field.
The second position will focus on community resources and capacities. This project intends to use social science case study methodologies to better understand community values, decisions, abilities, and actions in relation to environmental concerns. Ideal candidates could have experience in one or more of the following fields: geography, environmental studies, anthropology, sociology, or a related field.
Work from both of these postdoctoral positions will support ongoing remediation and restoration projects led by EPA Great Lakes National Program Office. The postdocs will join an interdisciplinary team of researchers including social scientists and ecologists focused on translational ecology, an approach in which scientists, stakeholders, and decision makers together develop solutions that address sociological, ecological, and political contexts of environmental problems. The PIâs leading this work include Joel Hoffman (hoffman.joel@epa.gov), Katie Williams (williams.kathleen@epa.gov), and Samantha Rumschlag (rusmchlag.samantha@epa.gov). Interested candidates should be in touch via email ahead of the job posting to express interest. The job posting will occur towards the end of May via Zintellect (https://www.zintellect.com/), where candidates can apply. This position description serves as a tool for recruiting ahead of the job posting. Anticipated applications materials include a cover letter and CV/resume. Start dates are flexible but are expected Fall 2023.
",NA,NA,NA,NA,NA,NA,NA,NA,NA,NA,NA,NA,NA,NA,NA,NA,NA,NA,NA,NA,NA,NA,NA,NA,NA,NA,NA,NA,NA,NA,NA,NA,NA,NA,NA,NA,NA,NA,NA,NA,NA,NA,NA,NA,NA,NA,NA,NA,NA,NA,NA,NA,NA,NA,NA,NA,NA,NA,NA,NA,NA,NA,NA,NA,NA,NA,NA,NA,NA,NA,NA,NA,NA,NA,NA,NA,NA,NA,NA,NA,NA,NA,NA,NA,NA,NA,NA,NA,NA,NA,NA,NA,NA,NA,NA,NA,NA
"4/25/23 14:59","USDA-ARS Tropical Pest Genetics and Molecular Biology","Hawaii","Insect genomics, insect pests of tropical agriculture, tephritid fruit flies","Sheina Sim","7/21/2023","https://www.zintellect.com/Opportunity/Details/USDA-ARS-PW-2023-0061","4/25/23 14:59","USDA-ARS in Hilo, Hawaii seeking postdoctoral research fellow in chromosomal evolution and diversity in pest fruit flies.
 
The Tropical Pest Genetics and Molecular Biology Research Unit is seeking a highly motivated individual to use genomic tools to investigate sex chromosomes and large structural variation in Tephritidae to contribute to foundational and applied research that supports fruit fly pest management programs in the United States.
 
In this position, the incumbent will investigate genomic structure and characterization of sex chromosome structure and structural variants with applications to species and strain identification and insect diagnostics. The ideal candidate for this position will have a Ph.D. in biology, genetics, bioinformatics or a related field, with a strong background in genomics and molecular biology. Experience working on a command-line interface is required, experience working with insects, particularly tephritid fruit flies, is a plus. Candidates willing to relocate to Hilo, HI are preferred, but remote applicants who are a great fit will also be considered. Starting salary is $71,877 with health benefits and a negotiable relocation allowance. As a postdoctoral fellow at the USDA Agricultural Research Service (ARS), you have access to several high-performance computing clusters, training opportunities, and a large and active network of postdoctoral research fellows as your peers.
 
About us:
The USDA Agricultural Research Service (ARS) represents the research arm of the USDA and has about 100 research centers across the United States. The Pacific Basin Agricultural Research Center is located on the east side of the Big Island (Hawaii Island), in the town of Hilo which has a population of about 50,000. Our in-house multimillion dollar genomics facility has a suite of state-of-the-art instrumentation, with the capacity for high-accuracy short-read sequencing, high-fidelity long-read sequencing, and ultra-long read sequencing, as well as supporting laboratory equipment such as automated liquid handling devices, automated nucleic acid isolation devices, and molecular diagnostics methods.
 
To apply, please send your CV, cover letter, and most recent peer-reviewed publication to sheina.sim@usda.gov.",NA,NA,NA,NA,NA,NA,NA,NA,NA,NA,NA,NA,NA,NA,NA,NA,NA,NA,NA,NA,NA,NA,NA,NA,NA,NA,NA,NA,NA,NA,NA,NA,NA,NA,NA,NA,NA,NA,NA,NA,NA,NA,NA,NA,NA,NA,NA,NA,NA,NA,NA,NA,NA,NA,NA,NA,NA,NA,NA,NA,NA,NA,NA,NA,NA,NA,NA,NA,NA,NA,NA,NA,NA,NA,NA,NA,NA,NA,NA,NA,NA,NA,NA,NA,NA,NA,NA,NA,NA,NA,NA,NA,NA,NA,NA,NA,NA
